iteration,accuracy,loss
1280 0.00000 1392519.750000
2560 1.00000 0.000000
3840 0.67188 279479.750000
