iteration,accuracy,loss
1280,0.00000,789663.750000
2560,1.00000,0.000000
